arm,ours,n,correct,accuracy,ci_low,ci_high,verifier_acc,both,acc_cv_fail,acc_heldout,acc_unseen,calls_per_problem,usd_per_problem,dpl
pipeline-v1__hybrid__gpt-oss-120b,False,3,3,1.0,1.0,1.0,0.3333333333333333,0.3333333333333333,1.0,1.0,,0.0,0.03145220000000001,31.794278301676822
pipeline-v1__hybrid__gpt-oss-120b (no check),False,3,3,1.0,1.0,1.0,0.3333333333333333,0.3333333333333333,1.0,1.0,,0.0,0.03145220000000001,31.794278301676822
pipeline-v1__hybrid__gpt-oss-20b,False,3,3,1.0,1.0,1.0,0.3333333333333333,0.3333333333333333,1.0,1.0,,0.0,0.0359359,27.827325877465153
pipeline-v1__hybrid__gpt-oss-20b (no check),False,3,3,1.0,1.0,1.0,0.3333333333333333,0.3333333333333333,1.0,1.0,,0.0,0.0359359,27.827325877465153
pipeline__specialist__gpt-oss-20b (no check),True,3,3,1.0,1.0,1.0,0.3333333333333333,0.3333333333333333,1.0,1.0,,24.0,0.05126919999999999,19.504887924913987
pipeline__clone__gpt-oss-120b,True,3,2,0.6666666666666666,0.0,1.0,0.3333333333333333,0.3333333333333333,0.5,1.0,,11.333333333333334,0.03389021666666667,19.67136041719021
pipeline__specialist__gpt-oss-120b (no check),True,3,2,0.6666666666666666,0.0,1.0,0.3333333333333333,0.3333333333333333,0.5,1.0,,11.0,0.031609116666666666,21.09096162657714
self-consistency__gpt-oss-120b,False,3,2,0.6666666666666666,0.0,1.0,0.3333333333333333,0.3333333333333333,0.5,1.0,,18.666666666666668,0.04967546666666665,13.420440942007595
router__cv-else-direct,False,3,2,0.6666666666666666,0.0,1.0,0.3333333333333333,0.3333333333333333,0.5,1.0,,0.0,0.0013133333333333337,507.6142131979694
pipeline__specialist__gpt-oss-20b,True,3,2,0.6666666666666666,0.0,1.0,0.3333333333333333,0.3333333333333333,0.5,1.0,,24.0,0.05126919999999999,13.003258616609324
single__gpt-oss-120b,False,3,2,0.6666666666666666,0.0,1.0,0.3333333333333333,0.3333333333333333,0.5,1.0,,1.0,0.024151616666666664,27.603397150087265
pipeline__specialist__gpt-oss-120b,True,3,2,0.6666666666666666,0.0,1.0,0.3333333333333333,0.3333333333333333,0.5,1.0,,11.0,0.031609116666666666,21.09096162657714
pipeline__clone__gpt-oss-120b (no check),True,3,2,0.6666666666666666,0.0,1.0,0.3333333333333333,0.3333333333333333,0.5,1.0,,11.333333333333334,0.03389021666666667,19.67136041719021
pipeline-v1__vlm__gpt-oss-120b (no check),False,3,2,0.6666666666666666,0.0,1.0,0.3333333333333333,0.3333333333333333,0.5,1.0,,0.0,0.030911450000000004,21.566981382842492
pipeline-v1__vlm__gpt-oss-120b,False,3,2,0.6666666666666666,0.0,1.0,0.3333333333333333,0.3333333333333333,0.5,1.0,,0.0,0.030911450000000004,21.566981382842492
direct__gpt-4o,False,3,1,0.3333333333333333,0.0,1.0,0.0,0.0,0.5,1.0,,0.0,0.0019683333333333337,169.34801016088056
contrast,False,3,1,0.3333333333333333,0.0,1.0,0.3333333333333333,0.3333333333333333,0.0,0.0,,0.0,0.0,
