family,shapley,ci_low,ci_high
fill,0.03777777777777773,0.011111111111111087,0.07168055555555537
corners,0.03111111111111104,0.0011111111111111111,0.06999999999999984
position,0.03111111111111104,0.0011111111111111111,0.07111111111111094
convexity,0.02444444444444441,0.0033333333333333396,0.051111111111111
size,0.0244444444444444,0.0011111111111111111,0.05444444444444434
compactness,0.022777777777777758,0.0033333333333333396,0.049444444444444346
count,0.021111111111111063,0.0,0.05111111111111099
elongation,0.01611111111111108,0.0,0.04111111111111103
orientation,0.011111111111111087,0.0,0.03222222222222215
topology,0.0,0.0,0.0
symmetry,0.0,0.0,0.0
