bp,winning_feature
bp0001,size
bp0002,size
bp0003,fill
bp0004,convexity
bp0005,corners
bp0006,corners
bp0007,orientation
bp0008,position
bp0009,convexity
bp0010,
bp0011,
bp0012,elongation
bp0013,
bp0014,size
bp0015,convexity
bp0016,
bp0017,
bp0018,
bp0019,
bp0020,
bp0021,size
bp0022,
bp0023,count
bp0024,corners
bp0025,compactness
bp0026,
bp0027,fill
bp0028,
bp0029,
bp0030,
bp0031,
bp0032,
bp0033,
bp0034,fill
bp0035,
bp0036,
bp0037,
bp0038,
bp0039,
bp0040,
bp0041,
bp0042,
bp0043,position
bp0044,
bp0045,
bp0046,
bp0047,
bp0048,
bp0049,
bp0050,
bp0051,
bp0052,
bp0053,
bp0054,
bp0055,
bp0056,
bp0057,
bp0058,
bp0059,
bp0060,
bp0061,
bp0062,
bp0063,position
bp0064,
bp0065,
bp0066,
bp0067,
bp0068,
bp0069,
bp0070,
bp0071,
bp0072,
bp0073,
bp0074,
bp0075,
bp0076,convexity
bp0077,
bp0078,
bp0079,
bp0080,
bp0081,
bp0082,
bp0083,
bp0084,
bp0085,
bp0086,
bp0087,
bp0088,
bp0089,count
bp0090,
bp0091,
bp0092,
bp0093,
bp0094,
bp0095,
bp0096,
bp0097,
bp0098,
bp0099,
bp0100,
